{"initial_reset_timestamp": 1608230242.6022816, "timestamps": [1608230244.5427537, 1608230245.661331, 1608230245.8303351, 1608230245.8313322, 1608230245.8323379, 1608230245.833334, 1608230245.8393319, 1608230245.8443353, 1608230246.4603314, 1608230246.5896275, 1608230246.5906265, 1608230246.5906265, 1608230246.5916245, 1608230246.5916245, 1608230246.5916245, 1608230246.5936248, 1608230246.5936248, 1608230246.5946248, 1608230246.5946248, 1608230246.5956244, 1608230246.5966253, 1608230246.5976245, 1608230246.5976245, 1608230246.5976245, 1608230246.5986292, 1608230246.5986292, 1608230246.5996275, 1608230247.5586238, 1608230247.677629, 1608230247.679624, 1608230247.6806283, 1608230247.6806283, 1608230247.6816247, 1608230247.6816247, 1608230247.6826243, 1608230247.6826243, 1608230247.6826243, 1608230247.6846278, 1608230247.6856256, 1608230247.686635, 1608230247.686635, 1608230247.687625, 1608230247.687625, 1608230247.6886241, 1608230247.6886241, 1608230247.6896255, 1608230247.6896255, 1608230247.6906273, 1608230247.691623, 1608230247.691623, 1608230247.691623, 1608230247.6926239, 1608230247.6926239, 1608230247.6926239, 1608230247.6936233, 1608230247.6956236, 1608230247.696625, 1608230247.696625, 1608230247.6976326, 1608230247.6976326, 1608230247.698625, 1608230247.7006264, 1608230247.7016277, 1608230247.7026248, 1608230248.241626, 1608230248.3499725, 1608230248.3529713, 1608230248.3539693, 1608230248.3559675, 1608230248.3569677, 1608230248.3579686, 1608230248.3589687, 1608230248.3599677, 1608230248.360968, 1608230248.3629704, 1608230248.3639688, 1608230248.3649678, 1608230248.3669662, 1608230248.3679676, 1608230248.3679676, 1608230248.3689678, 1608230248.3689678, 1608230248.3699658, 1608230248.3699658, 1608230248.3699658, 1608230248.3709655, 1608230248.371965, 1608230248.371965, 1608230248.3739655, 1608230248.3739655, 1608230248.3739655, 1608230248.3749795, 1608230248.3749795, 1608230248.3759797, 1608230248.376965, 1608230248.376965, 1608230248.3779662, 1608230248.3789656, 1608230248.3789656, 1608230248.379973], "episode_lengths": [22, 36, 12, 10, 15, 24, 38, 25, 19, 19, 18, 16, 12, 15, 16, 46, 17, 16, 23, 14, 55, 18, 18, 12, 11, 17, 28, 29, 14, 52, 29, 24, 20, 14, 15, 11, 9, 51, 27, 13, 12, 40, 12, 11, 19, 9, 17, 20, 36, 12, 12, 12, 13, 20, 9, 81, 20, 28, 15, 15, 50, 47, 26, 22, 19, 17, 64, 20, 32, 23, 18, 24, 14, 23, 45, 18, 21, 31, 10, 26, 16, 13, 13, 21, 16, 26, 23, 18, 58, 11, 14, 13, 21, 12, 35, 23, 55, 30, 10, 21], "episode_rewards": [22.0, 36.0, 12.0, 10.0, 15.0, 24.0, 38.0, 25.0, 19.0, 19.0, 18.0, 16.0, 12.0, 15.0, 16.0, 46.0, 17.0, 16.0, 23.0, 14.0, 55.0, 18.0, 18.0, 12.0, 11.0, 17.0, 28.0, 29.0, 14.0, 52.0, 29.0, 24.0, 20.0, 14.0, 15.0, 11.0, 9.0, 51.0, 27.0, 13.0, 12.0, 40.0, 12.0, 11.0, 19.0, 9.0, 17.0, 20.0, 36.0, 12.0, 12.0, 12.0, 13.0, 20.0, 9.0, 81.0, 20.0, 28.0, 15.0, 15.0, 50.0, 47.0, 26.0, 22.0, 19.0, 17.0, 64.0, 20.0, 32.0, 23.0, 18.0, 24.0, 14.0, 23.0, 45.0, 18.0, 21.0, 31.0, 10.0, 26.0, 16.0, 13.0, 13.0, 21.0, 16.0, 26.0, 23.0, 18.0, 58.0, 11.0, 14.0, 13.0, 21.0, 12.0, 35.0, 23.0, 55.0, 30.0, 10.0, 21.0], "episode_types": ["t", "t", "t", "t", "t", "t", "t", "t", "t", "t", "t", "t", "t", "t", "t", "t", "t", "t", "t", "t", "t", "t", "t", "t", "t", "t", "t", "t", "t", "t", "t", "t", "t", "t", "t", "t", "t", "t", "t", "t", "t", "t", "t", "t", "t", "t", "t", "t", "t", "t", "t", "t", "t", "t", "t", "t", "t", "t", "t", "t", "t", "t", "t", "t", "t", "t", "t", "t", "t", "t", "t", "t", "t", "t", "t", "t", "t", "t", "t", "t", "t", "t", "t", "t", "t", "t", "t", "t", "t", "t", "t", "t", "t", "t", "t", "t", "t", "t", "t", "t"]}