{"initial_reset_timestamp": 1609875972.2034633, "timestamps": [1609875973.87627, 1609875975.266893, 1609875975.4075193, 1609875975.4075193, 1609875975.4075193, 1609875975.4231424, 1609875975.4231424, 1609875975.4231424, 1609875975.9856436, 1609875976.0793972, 1609875976.0793972, 1609875976.0950224, 1609875976.0950224, 1609875976.0950224, 1609875976.0950224, 1609875976.0950224, 1609875976.0950224, 1609875976.0950224, 1609875976.110653, 1609875976.110653, 1609875976.110653, 1609875976.110653, 1609875976.1263013, 1609875976.1263013, 1609875976.1263013, 1609875976.1263013, 1609875976.1263013, 1609875977.0325558, 1609875977.141928, 1609875977.141928, 1609875977.141928, 1609875977.141928, 1609875977.157521, 1609875977.157521, 1609875977.157521, 1609875977.157521, 1609875977.157521, 1609875977.157521, 1609875977.157521, 1609875977.157521, 1609875977.173153, 1609875977.173153, 1609875977.173153, 1609875977.173153, 1609875977.173153, 1609875977.1888225, 1609875977.1888225, 1609875977.1888225, 1609875977.1888225, 1609875977.1888225, 1609875977.1888225, 1609875977.1888225, 1609875977.1888225, 1609875977.1888225, 1609875977.1888225, 1609875977.2044404, 1609875977.2044404, 1609875977.2044404, 1609875977.2044404, 1609875977.2044404, 1609875977.2044404, 1609875977.2044404, 1609875977.2044404, 1609875977.2044404, 1609875977.7200167, 1609875977.845018, 1609875977.845018, 1609875977.8606443, 1609875977.8606443, 1609875977.8606443, 1609875977.8606443, 1609875977.8606443, 1609875977.8606443, 1609875977.8606443, 1609875977.8606443, 1609875977.8762674, 1609875977.8762674, 1609875977.8762674, 1609875977.8762674, 1609875977.8762674, 1609875977.8762674, 1609875977.8762674, 1609875977.8762674, 1609875977.8762674, 1609875977.8762674, 1609875977.891895, 1609875977.891895, 1609875977.891895, 1609875977.891895, 1609875977.891895, 1609875977.891895, 1609875977.891895, 1609875977.891895, 1609875977.891895, 1609875977.891895, 1609875977.891895, 1609875977.891895, 1609875977.9075277, 1609875977.9075277, 1609875977.9075277], "episode_lengths": [12, 44, 54, 10, 10, 9, 11, 16, 17, 15, 15, 27, 85, 33, 18, 11, 27, 12, 67, 21, 15, 16, 23, 18, 63, 10, 33, 22, 31, 11, 17, 15, 14, 25, 14, 18, 18, 26, 25, 20, 77, 21, 18, 22, 22, 19, 35, 37, 12, 15, 18, 46, 12, 10, 12, 13, 13, 18, 15, 22, 13, 23, 13, 11, 12, 34, 28, 47, 29, 18, 16, 9, 15, 25, 15, 15, 12, 30, 35, 47, 14, 31, 12, 10, 14, 16, 42, 15, 22, 28, 17, 17, 9, 21, 35, 17, 10, 33, 54, 20], "episode_rewards": [12.0, 44.0, 54.0, 10.0, 10.0, 9.0, 11.0, 16.0, 17.0, 15.0, 15.0, 27.0, 85.0, 33.0, 18.0, 11.0, 27.0, 12.0, 67.0, 21.0, 15.0, 16.0, 23.0, 18.0, 63.0, 10.0, 33.0, 22.0, 31.0, 11.0, 17.0, 15.0, 14.0, 25.0, 14.0, 18.0, 18.0, 26.0, 25.0, 20.0, 77.0, 21.0, 18.0, 22.0, 22.0, 19.0, 35.0, 37.0, 12.0, 15.0, 18.0, 46.0, 12.0, 10.0, 12.0, 13.0, 13.0, 18.0, 15.0, 22.0, 13.0, 23.0, 13.0, 11.0, 12.0, 34.0, 28.0, 47.0, 29.0, 18.0, 16.0, 9.0, 15.0, 25.0, 15.0, 15.0, 12.0, 30.0, 35.0, 47.0, 14.0, 31.0, 12.0, 10.0, 14.0, 16.0, 42.0, 15.0, 22.0, 28.0, 17.0, 17.0, 9.0, 21.0, 35.0, 17.0, 10.0, 33.0, 54.0, 20.0], "episode_types": ["t", "t", "t", "t", "t", "t", "t", "t", "t", "t", "t", "t", "t", "t", "t", "t", "t", "t", "t", "t", "t", "t", "t", "t", "t", "t", "t", "t", "t", "t", "t", "t", "t", "t", "t", "t", "t", "t", "t", "t", "t", "t", "t", "t", "t", "t", "t", "t", "t", "t", "t", "t", "t", "t", "t", "t", "t", "t", "t", "t", "t", "t", "t", "t", "t", "t", "t", "t", "t", "t", "t", "t", "t", "t", "t", "t", "t", "t", "t", "t", "t", "t", "t", "t", "t", "t", "t", "t", "t", "t", "t", "t", "t", "t", "t", "t", "t", "t", "t", "t"]}