{"initial_reset_timestamp": 1609875134.0956452, "timestamps": [1609875136.8493116, 1609875137.548351, 1609875137.657727, 1609875137.657727, 1609875137.657727, 1609875137.657727, 1609875137.657727, 1609875137.657727, 1609875138.242226, 1609875138.3672273, 1609875138.3672273, 1609875138.3672273, 1609875138.3672273, 1609875138.3672273, 1609875138.3828516, 1609875138.3828516, 1609875138.3828516, 1609875138.3828516, 1609875138.3828516, 1609875138.3828516, 1609875138.3828516, 1609875138.3828516, 1609875138.3828516, 1609875138.3828516, 1609875138.3984733, 1609875138.3984733, 1609875138.3984733, 1609875139.011915, 1609875139.135918, 1609875139.135918, 1609875139.1379192, 1609875139.1379192, 1609875139.1399174, 1609875139.1399174, 1609875139.1409144, 1609875139.1419144, 1609875139.1419144, 1609875139.1429136, 1609875139.1429136, 1609875139.143914, 1609875139.1449142, 1609875139.1449142, 1609875139.145915, 1609875139.1469157, 1609875139.1469157, 1609875139.1479156, 1609875139.1489155, 1609875139.1489155, 1609875139.149915, 1609875139.149915, 1609875139.1519148, 1609875139.1529162, 1609875139.1539152, 1609875139.1549141, 1609875139.1559143, 1609875139.156914, 1609875139.156914, 1609875139.1579144, 1609875139.1579144, 1609875139.1579144, 1609875139.158914, 1609875139.159914, 1609875139.159914, 1609875139.1609147, 1609875140.5105991, 1609875140.6668503, 1609875140.6668503, 1609875140.6668503, 1609875140.6668503, 1609875140.6668503, 1609875140.6668503, 1609875140.6668503, 1609875140.6668503, 1609875140.6668503, 1609875140.682473, 1609875140.682473, 1609875140.682473, 1609875140.682473, 1609875140.682473, 1609875140.682473, 1609875140.682473, 1609875140.682473, 1609875140.682473, 1609875140.682473, 1609875140.682473, 1609875140.682473, 1609875140.6981108, 1609875140.6981108, 1609875140.6981108, 1609875140.6981108, 1609875140.6981108, 1609875140.6981108, 1609875140.6981108, 1609875140.7137244, 1609875140.7137244, 1609875140.7137244, 1609875140.7137244, 1609875140.7137244, 1609875140.7137244, 1609875140.7137244], "episode_lengths": [19, 15, 33, 18, 18, 12, 17, 17, 19, 29, 14, 29, 16, 17, 44, 16, 13, 38, 42, 15, 11, 15, 21, 9, 17, 12, 22, 14, 20, 14, 41, 9, 65, 27, 11, 28, 14, 17, 15, 15, 37, 11, 23, 26, 22, 32, 10, 10, 17, 15, 25, 26, 28, 60, 11, 47, 13, 10, 15, 12, 21, 15, 19, 21, 36, 19, 11, 37, 16, 19, 52, 38, 14, 26, 27, 23, 18, 18, 33, 27, 15, 30, 15, 26, 22, 16, 15, 28, 14, 13, 16, 26, 33, 19, 44, 20, 15, 64, 15, 46], "episode_rewards": [19.0, 15.0, 33.0, 18.0, 18.0, 12.0, 17.0, 17.0, 19.0, 29.0, 14.0, 29.0, 16.0, 17.0, 44.0, 16.0, 13.0, 38.0, 42.0, 15.0, 11.0, 15.0, 21.0, 9.0, 17.0, 12.0, 22.0, 14.0, 20.0, 14.0, 41.0, 9.0, 65.0, 27.0, 11.0, 28.0, 14.0, 17.0, 15.0, 15.0, 37.0, 11.0, 23.0, 26.0, 22.0, 32.0, 10.0, 10.0, 17.0, 15.0, 25.0, 26.0, 28.0, 60.0, 11.0, 47.0, 13.0, 10.0, 15.0, 12.0, 21.0, 15.0, 19.0, 21.0, 36.0, 19.0, 11.0, 37.0, 16.0, 19.0, 52.0, 38.0, 14.0, 26.0, 27.0, 23.0, 18.0, 18.0, 33.0, 27.0, 15.0, 30.0, 15.0, 26.0, 22.0, 16.0, 15.0, 28.0, 14.0, 13.0, 16.0, 26.0, 33.0, 19.0, 44.0, 20.0, 15.0, 64.0, 15.0, 46.0], "episode_types": ["t", "t", "t", "t", "t", "t", "t", "t", "t", "t", "t", "t", "t", "t", "t", "t", "t", "t", "t", "t", "t", "t", "t", "t", "t", "t", "t", "t", "t", "t", "t", "t", "t", "t", "t", "t", "t", "t", "t", "t", "t", "t", "t", "t", "t", "t", "t", "t", "t", "t", "t", "t", "t", "t", "t", "t", "t", "t", "t", "t", "t", "t", "t", "t", "t", "t", "t", "t", "t", "t", "t", "t", "t", "t", "t", "t", "t", "t", "t", "t", "t", "t", "t", "t", "t", "t", "t", "t", "t", "t", "t", "t", "t", "t", "t", "t", "t", "t", "t", "t"]}